{
	"class_name" : "PinholeCameraParameters",
	"extrinsic" : 
	[
		0.99569350948629376,
		0.012671794648012703,
		0.09183605385286718,
		0.0,
		-0.00065078584894905957,
		-0.98963438183196129,
		0.143608379887285,
		0.0,
		0.092703892284234396,
		-0.14304969736588241,
		-0.9853642841299266,
		0.0,
		-2.327825492688075,
		1.864906761459117,
		5.9339350867052536,
		1.0
	],
	"intrinsic" : 
	{
		"height" : 1055,
		"intrinsic_matrix" : 
		[
			913.65680099258282,
			0.0,
			0.0,
			0.0,
			913.65680099258282,
			0.0,
			959.5,
			527.0,
			1.0
		],
		"width" : 1920
	},
	"version_major" : 1,
	"version_minor" : 0
}